timestamp,X,Y,Z
1764068109926,-0.090562,-0.021256,9.798773
1764068109936,-0.08652,-0.023052,9.801019
1764068109946,-0.105531,-0.019909,9.808503
1764068109956,-0.102088,-0.018112,9.805958
1764068109966,-0.111069,-0.025597,9.823622
1764068109976,-0.125739,0.002545,9.812694
1764068109986,-0.114362,-0.012574,9.818682
1764068109997,-0.102986,-0.022603,9.800121
1764068110007,-0.078886,-0.008383,9.792636
1764068110017,-0.084874,-0.016166,9.803414
1764068110027,-0.103585,-0.020058,9.799222
1764068110037,-0.117206,-0.017364,9.813593
1764068110047,-0.121996,-0.005838,9.81943
1764068110057,-0.116009,-0.00973,9.800869
1764068110067,-0.103435,-0.003293,9.794133
1764068110077,-0.105381,-0.017663,9.793385
1764068110087,-0.118104,-0.010329,9.80985
1764068110097,-0.101938,0.007185,9.794582
1764068110107,-0.106129,-0.027243,9.81015
1764068110117,-0.094603,-0.002245,9.821526
1764068110127,-0.102836,-0.020956,9.796827
1764068110137,-0.10598,-0.023202,9.809701
1764068110147,-0.113165,-0.017514,9.802516
1764068110157,-0.090711,-0.020058,9.817784
1764068110167,-0.094154,-0.009879,9.78575
1764068110177,-0.099393,-0.018412,9.803563
1764068110187,-0.111219,-0.029638,9.80521
1764068110197,-0.102836,-0.025597,9.805509
1764068110207,-0.096849,-0.007185,9.820329
1764068110217,-0.088616,-0.021555,9.804761
1764068110227,-0.092059,-0.022154,9.809701
1764068110237,-0.104632,-0.018861,9.803114
1764068110247,-0.099244,-0.01422,9.808503
1764068110257,-0.093106,-0.008682,9.811796
1764068110267,-0.085921,-0.011077,9.805659
1764068110277,-0.110021,-0.018861,9.807755
1764068110287,-0.110321,-0.015717,9.81943
1764068110298,-0.103734,-0.007035,9.811647
1764068110308,-0.092208,-0.02889,9.796977
1764068110318,-0.089664,-0.022902,9.812844
1764068110328,-0.097447,-0.017663,9.810898
1764068110338,-0.106279,-0.037272,9.812994
1764068110348,-0.093855,-0.001946,9.795031
1764068110358,-0.101639,-0.017813,9.793235
1764068110368,-0.090562,-0.016615,9.821077
1764068110378,-0.092807,-0.021405,9.799671
1764068110388,-0.089963,-0.017065,9.807755
1764068110398,-0.104333,-0.003293,9.806707
1764068110408,-0.084424,-0.011376,9.817035
1764068110418,-0.095801,-0.02395,9.806557
1764068110428,-0.085622,-0.017065,9.802965
1764068110438,-0.108524,-0.010179,9.807306
1764068110448,-0.097747,-0.024399,9.805659
1764068110458,-0.103435,-0.010778,9.811946
1764068110468,-0.085323,-0.013771,9.804761
1764068110478,-0.095501,-0.019759,9.807306
1764068110488,-0.084125,-0.004491,9.799522
1764068110498,-0.106878,-0.018412,9.810449
1764068110508,-0.086221,-0.009281,9.802965
1764068110518,-0.084724,-0.015418,9.803713
1764068110528,-0.090412,-0.00958,9.799671
1764068110538,-0.103585,-0.015717,9.792786
1764068110548,-0.108524,-0.020208,9.803264
1764068110558,-0.0961,-0.009281,9.805809
1764068110568,-0.092508,-0.020657,9.807904
1764068110578,-0.082628,-0.007934,9.809401
1764068110588,-0.103884,-0.017813,9.809701
1764068110599,-0.097148,-0.021106,9.809401
1764068110609,-0.102088,-0.019759,9.795331
1764068110619,-0.092059,-0.017065,9.799821
1764068110629,-0.089214,-0.008083,9.796827
1764068110639,-0.106279,-0.011825,9.812545
1764068110649,-0.10119,-0.025746,9.803114
1764068110659,-0.09116,-0.039218,9.799222
1764068110669,-0.095352,-0.015717,9.807006
1764068110679,-0.113165,-0.027543,9.808353
1764068110689,-0.107776,-0.008083,9.797726
1764068110699,-0.091759,-0.012724,9.801617
1764068110709,-0.104333,-0.02425,9.806258
1764068110719,-0.092807,-0.010029,9.807006
1764068110729,-0.086969,-0.028441,9.802965
1764068110739,-0.103734,-0.009131,9.807755
1764068110749,-0.114811,-0.015867,9.811198
1764068110759,-0.120799,-0.011975,9.809551
1764068110769,-0.09131,-0.005688,9.797426
1764068110779,-0.084125,-0.010478,9.804462
1764068110789,-0.104483,-0.001497,9.797276
1764068110799,-0.113314,-0.01946,9.80985
1764068110809,-0.092957,-0.017514,9.811796
1764068110819,-0.109872,-0.016765,9.80042
1764068110829,-0.094304,-0.013472,9.806857
1764068110839,-0.096699,-0.01422,9.789044
1764068110849,-0.100441,-0.029938,9.816886
1764068110859,-0.113015,-0.019609,9.815239
1764068110869,-0.114212,-0.026794,9.810898
1764068110879,-0.09146,0.000898,9.797726
1764068110889,-0.092657,-0.009131,9.816736
1764068110900,-0.107177,-0.018262,9.805809
1764068110910,-0.110321,-0.031884,9.806258
1764068110920,-0.078886,-0.030237,9.802516
1764068110930,-0.089065,-0.018711,9.811647
1764068110940,-0.097298,-0.01901,9.813143
1764068110950,-0.126337,-0.009879,9.820478
1764068110960,-0.104183,-0.021405,9.820478
1764068110970,-0.081131,-0.014969,9.803863
1764068110980,-0.080233,-0.015418,9.802665
1764068110990,-0.100591,-0.023801,9.803414
1764068111000,-0.095352,-0.022902,9.808353
1764068111010,-0.088765,-0.020956,9.812545
1764068111020,-0.088765,-0.007484,9.806108
1764068111030,-0.11062,-0.016466,9.818981
1764068111040,-0.105231,-0.023651,9.820329
1764068111050,-0.094903,-0.023202,9.811048
1764068111060,-0.103734,-0.009879,9.800719
1764068111070,-0.112267,-0.029788,9.80506
1764068111080,-0.094753,-0.020657,9.804012
1764068111090,-0.102986,-0.024998,9.80027
1764068111100,-0.109422,-0.013472,9.804611
1764068111110,-0.104333,-0.010778,9.807156
1764068111120,-0.098345,-0.010478,9.798773
1764068111130,-0.084724,-0.004042,9.808952
1764068111140,-0.092657,-0.004191,9.805958
1764068111150,-0.085323,-0.018112,9.801917
1764068111160,-0.098495,-0.007634,9.796229
1764068111170,-0.098495,-0.013472,9.810449
1764068111180,-0.107626,-0.015418,9.801318
1764068111190,-0.104932,-0.017514,9.801168
1764068111201,-0.092807,-0.035327,9.799821
1764068111211,-0.100741,-0.031584,9.803863
1764068111221,-0.10104,-0.002245,9.806108
1764068111231,-0.11062,-0.016017,9.81
1764068111241,-0.089963,-0.013921,9.811946
1764068111251,-0.102836,-0.013771,9.803414
1764068111261,-0.098795,-0.012724,9.797875
1764068111271,-0.105081,-0.002994,9.807306
1764068111281,-0.0961,-0.006886,9.800869
1764068111291,-0.099543,-0.011376,9.813143
1764068111301,-0.109872,-0.016915,9.803264
1764068111311,-0.093855,-0.02889,9.803713
1764068111321,-0.109722,-0.022902,9.822424
1764068111331,-0.111668,-0.019759,9.820628
1764068111341,-0.091759,-0.017963,9.808353
1764068111351,-0.097148,-0.016765,9.80521
1764068111361,-0.109123,-0.021855,9.821676
1764068111371,-0.096699,-0.028291,9.783206
1764068111381,-0.108524,-0.015568,9.814491
1764068111391,-0.0964,-0.006437,9.796528
1764068111401,-0.103136,-0.035776,9.80506
1764068111411,-0.099244,-0.008682,9.803563
1764068111421,-0.109422,-0.024848,9.799522
1764068111431,-0.099543,-0.034578,9.793385
1764068111441,-0.096549,-0.03383,9.811796
1764068111451,-0.110021,-0.017065,9.794881
1764068111461,-0.096849,-0.00973,9.79069
1764068111471,-0.098645,-0.02425,9.811198
1764068111481,-0.093256,-0.013472,9.815538
1764068111491,-0.107027,-0.026196,9.809551
1764068111502,-0.088167,-0.015568,9.806258
1764068111512,-0.097896,-0.005239,9.810449
1764068111522,-0.120649,-0.018861,9.784254
1764068111532,-0.097148,-0.016466,9.813143
1764068111542,-0.115709,-0.016166,9.818682
1764068111552,-0.116158,-0.00479,9.807904
1764068111562,-0.107926,-0.023052,9.794582
1764068111572,-0.083676,-0.011227,9.800869
1764068111582,-0.089364,-0.017813,9.802216
1764068111592,-0.0961,-0.029788,9.796977
1764068111602,-0.085173,-0.020956,9.794881
1764068111612,-0.085622,-0.031584,9.811946
1764068111622,-0.108824,-0.022753,9.810599
1764068111632,-0.104932,-0.01916,9.804312
1764068111642,-0.111368,-0.020358,9.799222
1764068111652,-0.090262,-0.021106,9.801767
1764068111662,-0.102537,-0.011376,9.793834
1764068111672,-0.119901,-0.016915,9.792187
1764068111682,-0.10089,-0.029339,9.80521
1764068111692,-0.083676,-0.005538,9.792187
1764068111702,-0.119003,-0.025148,9.809701
1764068111712,-0.114662,-0.010927,9.802516
1764068111722,-0.092657,-0.015268,9.812545
1764068111732,-0.115859,-0.011825,9.803563
1764068111742,-0.097597,-0.017364,9.802965
1764068111752,-0.104034,-0.00973,9.797127
1764068111762,-0.107477,-0.017813,9.810449
1764068111772,-0.078287,-0.025597,9.799372
1764068111782,-0.098345,-0.020807,9.796827
1764068111792,-0.08188,-0.016166,9.809252
1764068111803,-0.097447,-0.002395,9.806557
1764068111813,-0.100142,-0.012873,9.802366
1764068111823,-0.093256,-0.017514,9.796079
1764068111833,-0.102237,-0.011975,9.80057
1764068111843,-0.123344,-0.027243,9.801468
1764068111853,-0.113614,-0.023351,9.797726
1764068111863,-0.095202,-0.00958,9.792786
1764068111873,-0.113464,-0.007484,9.804611
1764068111883,-0.110021,-0.013622,9.800121
1764068111893,-0.104034,-0.010329,9.812096
1764068111903,-0.10583,-0.003593,9.79548
1764068111913,-0.107926,-0.01901,9.811647
1764068111923,-0.104183,0.003443,9.79548
1764068111933,-0.093555,-0.018112,9.797576
1764068111943,-0.083975,-0.020956,9.80521
1764068111953,-0.098645,-0.014819,9.801917
1764068111963,-0.117655,-0.017065,9.801019
1764068111973,-0.112716,-0.032333,9.802665
1764068111983,-0.084574,-0.030836,9.797276
1764068111993,-0.105531,-0.013322,9.797426
1764068112003,-0.099244,-0.026196,9.801168
1764068112013,-0.102088,-0.007035,9.790091
1764068112023,-0.098196,-0.028591,9.806407
1764068112033,-0.11541,-0.021256,9.81
1764068112043,-0.112117,-0.007335,9.818383
1764068112053,-0.098046,-0.019609,9.808503
1764068112063,-0.107776,-0.003892,9.809551
1764068112073,-0.093705,-0.020956,9.80057
1764068112083,-0.098495,-0.012873,9.793834
1764068112093,-0.092358,-0.010029,9.801019
1764068112104,-0.08667,-0.012574,9.800719
1764068112114,-0.089364,-0.010927,9.805809
1764068112124,-0.105231,-0.002096,9.813593
1764068112134,-0.107776,-0.007934,9.822274
1764068112144,-0.084874,-0.001347,9.804761
1764068112154,-0.097597,-0.006137,9.803863
1764068112164,-0.100291,-0.018711,9.798923
1764068112174,-0.085472,-0.016615,9.806707
1764068112184,-0.093106,-0.016166,9.81958
1764068112194,-0.091609,-0.015717,9.802965
1764068112204,-0.099244,-0.015568,9.802516
1764068112214,-0.083077,-0.024699,9.815239
1764068112224,-0.104034,-0.018861,9.804761
1764068112234,-0.101788,-0.010778,9.803264
1764068112244,-0.115111,-0.01946,9.802516
1764068112254,-0.099693,-0.012724,9.801318
1764068112264,-0.107327,-0.010029,9.816736
1764068112274,-0.116757,-0.011227,9.806857
1764068112284,-0.080982,-0.012873,9.793983
1764068112294,-0.093705,-0.012424,9.791289
1764068112304,-0.110321,-0.007035,9.802216
1764068112314,-0.105081,-0.017813,9.808353
1764068112324,-0.114362,-0.010179,9.812844
1764068112334,-0.108524,0.001347,9.787397
1764068112344,-0.094304,-0.026046,9.796378
1764068112354,-0.09146,-0.021405,9.809252
1764068112364,-0.103585,-0.009131,9.826316
1764068112374,-0.107776,-0.010478,9.803264
1764068112384,-0.121847,-0.001347,9.797426
1764068112394,-0.104782,-0.017813,9.818682
1764068112405,-0.104932,-0.027992,9.818083
1764068112415,-0.114961,0.008682,9.810898
1764068112425,-0.097148,-0.011376,9.795031
1764068112435,-0.098495,-0.011077,9.806407
1764068112445,-0.097447,-0.018861,9.794582
1764068112455,-0.110919,-0.016316,9.816137
1764068112465,-0.109273,-0.006287,9.804462
1764068112475,-0.098495,-0.020507,9.797127
1764068112485,-0.091909,-0.005239,9.799671
1764068112495,-0.103435,-0.016017,9.807156
1764068112505,-0.091759,-0.027842,9.807455
1764068112515,-0.093106,-0.012724,9.816287
1764068112525,-0.097597,-0.020058,9.816137
1764068112535,-0.091909,-0.020058,9.812994
1764068112545,-0.109123,-0.017963,9.811497
1764068112555,-0.106728,-0.005538,9.810898
1764068112565,-0.097597,-0.008832,9.802366
1764068112575,-0.087718,-0.006586,9.806857
1764068112585,-0.093855,-0.020208,9.797576
1764068112595,-0.099842,-0.012724,9.813892
1764068112605,-0.104932,-0.012274,9.80506
1764068112615,-0.094005,-0.021555,9.811198
1764068112625,-0.101639,-0.017364,9.801318
1764068112635,-0.088017,-0.027543,9.812844
1764068112645,-0.10598,-0.008083,9.793534
1764068112655,-0.101489,-0.014969,9.811347
1764068112665,-0.099992,-0.020956,9.822574
1764068112675,-0.095501,-0.015717,9.799671
1764068112685,-0.095352,-0.018412,9.793983
1764068112695,-0.097597,-0.01422,9.796528
1764068112706,-0.102237,-0.021555,9.809252
1764068112716,-0.118254,-0.00958,9.795181
1764068112726,-0.09146,-0.012424,9.798025
1764068112736,-0.103435,-0.023202,9.798025
1764068112746,-0.094603,-0.027543,9.817634
1764068112756,-0.083676,-0.031584,9.809401
1764068112766,-0.098645,-0.025597,9.789942
1764068112776,-0.082928,-0.006437,9.818383
1764068112786,-0.085921,-0.018561,9.812395
1764068112796,-0.087718,-0.014819,9.80057
1764068112806,-0.087119,-0.020956,9.792786
1764068112816,-0.116757,-0.020956,9.796229
1764068112826,-0.098196,-0.011376,9.792486
1764068112836,-0.094304,-0.000299,9.803863
1764068112846,-0.088915,-0.008832,9.792337
1764068112856,-0.093855,-0.023052,9.808653
1764068112866,-0.099393,-0.011526,9.801917
1764068112876,-0.107477,-0.008981,9.788744
1764068112886,-0.090113,-0.023801,9.806108
1764068112896,-0.108225,-0.017364,9.801318
1764068112906,-0.111518,-0.024399,9.789942
1764068112916,-0.100441,-0.010478,9.803713
1764068112926,-0.099992,-0.008832,9.801767
1764068112936,-0.103136,-0.029938,9.806258
1764068112946,-0.088616,-0.006137,9.801468
1764068112956,-0.099992,-0.014819,9.802066
1764068112966,-0.093555,-0.011975,9.812994
1764068112976,-0.094903,-0.022004,9.804462
1764068112986,-0.104632,-0.007784,9.817934
1764068112996,-0.111219,-0.008233,9.799522
1764068113007,-0.089214,-0.029938,9.80057
1764068113017,-0.080832,-0.019759,9.809401
1764068113027,-0.100291,-0.018262,9.807755
1764068113037,-0.098795,-0.020358,9.801019
1764068113047,-0.101489,-0.024549,9.799073
1764068113057,-0.10598,-0.003892,9.807605
1764068113067,-0.099543,-0.007934,9.801617
1764068113077,-0.077389,-0.000748,9.804611
1764068113087,-0.103435,-0.007035,9.791439
1764068113097,-0.092059,-0.012424,9.806857
1764068113107,-0.083227,-0.007934,9.827514
1764068113117,-0.111967,-0.012125,9.806857
1764068113127,-0.114063,-0.011676,9.803863
1764068113137,-0.106878,-0.013322,9.810898
1764068113147,-0.097148,-0.010628,9.809401
1764068113157,-0.091609,-0.017364,9.799821
1764068113167,-0.080533,-0.031135,9.806707
1764068113177,-0.103136,-0.010329,9.815389
1764068113187,-0.098944,-0.026345,9.817035
1764068113197,-0.105231,-0.020657,9.811946
1764068113207,-0.113314,-0.021106,9.796079
1764068113217,-0.104483,-0.00973,9.807306
1764068113227,-0.093555,-0.010179,9.813892
1764068113237,-0.081281,-0.017214,9.797127
1764068113247,-0.102836,0.000449,9.821526
1764068113257,-0.109722,-0.014071,9.811796
1764068113267,-0.104782,-0.017514,9.821227
1764068113277,-0.107477,-0.013921,9.801318
1764068113287,-0.085622,-0.023651,9.799671
1764068113297,-0.087568,-0.024998,9.795331
1764068113308,-0.080682,-0.025297,9.795331
1764068113318,-0.101788,-0.018412,9.802815
1764068113328,-0.109872,-0.033231,9.812844
1764068113338,-0.12005,-0.017065,9.81479
1764068113348,-0.104932,-0.01946,9.808653
1764068113358,-0.085472,-0.019909,9.797726
1764068113368,-0.111069,-0.005988,9.792786
1764068113378,-0.119302,-0.008981,9.81015
1764068113388,-0.094603,-0.007185,9.789044
1764068113398,-0.095202,-0.021256,9.795031
1764068113408,-0.090562,-0.024699,9.799821
1764068113418,-0.098495,-0.028591,9.811198
1764068113428,-0.123793,-0.022304,9.79548
1764068113438,-0.126337,-0.006886,9.811497
1764068113448,-0.103884,-0.016017,9.795031
1764068113458,-0.091759,-0.022154,9.802516
1764068113468,-0.084874,-0.017214,9.808653
1764068113478,-0.085472,-0.011975,9.789044
1764068113488,-0.07215,-0.03368,9.794582
1764068113498,-0.071402,-0.039518,9.803863
1764068113508,-0.083676,-0.023501,9.802216
1764068113518,-0.119302,-0.016765,9.811647
1764068113528,-0.107177,-0.020956,9.806707
1764068113538,-0.088167,-0.020208,9.814191
1764068113548,-0.088466,-0.010179,9.798773
1764068113558,-0.081281,-0.011077,9.79563
1764068113568,-0.085173,-0.016615,9.811347
1764068113578,-0.102836,-0.025597,9.795929
1764068113588,-0.086819,-0.023351,9.807156
1764068113598,-0.106129,-0.00464,9.809701
1764068113609,-0.117356,-0.008383,9.814491
1764068113619,-0.117506,-0.020208,9.797576
1764068113629,-0.085622,-0.012724,9.798324
1764068113639,-0.079784,-0.010778,9.783056
1764068113649,-0.09131,-0.013472,9.804012
1764068113659,-0.098944,-0.004042,9.813593
1764068113669,-0.095052,-0.014969,9.815239
1764068113679,-0.121398,-0.031584,9.808353
1764068113689,-0.112267,-0.013771,9.802516
1764068113699,-0.104333,-0.026794,9.798624
1764068113709,-0.092807,-0.007934,9.793834
1764068113719,-0.103285,-0.017364,9.799222
1764068113729,-0.098046,-0.026046,9.80057
1764068113739,-0.088915,-0.015268,9.823173
1764068113749,-0.080832,-0.016017,9.808653
1764068113759,-0.098196,-0.024699,9.807306
1764068113769,-0.111219,-0.022453,9.816886
1764068113779,-0.10583,-0.00464,9.808353
1764068113789,-0.093855,-0.017663,9.81
1764068113799,-0.088167,-0.033231,9.794582
1764068113809,-0.103884,-0.018561,9.788445
1764068113819,-0.099393,-0.026794,9.809252
1764068113829,-0.106878,-0.011676,9.805958
1764068113839,-0.096699,-0.006287,9.817035
1764068113849,-0.100441,-0.009281,9.814191
1764068113859,-0.106279,-0.018112,9.796827
1764068113869,-0.088017,-0.015717,9.808204
1764068113879,-0.106878,-0.002994,9.814191
1764068113889,-0.098046,-0.007035,9.803713
1764068113899,-0.099244,-0.026046,9.804611
1764068113910,-0.094603,-0.025148,9.828262
1764068113920,-0.107626,-0.008532,9.796528
1764068113930,-0.114362,-0.020657,9.810599
1764068113940,-0.088017,-0.014071,9.803713
1764068113950,-0.10089,-0.007185,9.81
1764068113960,-0.108824,-0.017963,9.813892
1764068113970,-0.097148,-0.016765,9.804012
1764068113980,-0.098345,-0.020956,9.794732
1764068113990,-0.076192,-0.008383,9.794881
1764068114000,-0.094753,-0.026794,9.804462
1764068114010,-0.10119,-0.004491,9.814042
1764068114020,-0.121398,-0.010927,9.815538
1764068114030,-0.114362,-0.026495,9.812844
1764068114040,-0.092059,-0.020507,9.79054
1764068114050,-0.06751,-0.022154,9.789044
1764068114060,-0.066611,-0.021106,9.802815
1764068114070,-0.084275,-0.01437,9.814042
1764068114080,-0.113314,-0.020058,9.815538
1764068114090,-0.141606,-0.017514,9.827514
1764068114100,-0.136965,-0.004491,9.810748
1764068114110,-0.111518,-0.010029,9.815089
1764068114120,-0.102836,-0.011676,9.80985
1764068114130,-0.086819,-0.030087,9.80057
1764068114140,-0.078287,-0.020507,9.792935
1764068114150,-0.064366,-0.013771,9.786349
1764068114160,-0.093106,-0.025148,9.804462
1764068114170,-0.125439,-0.017963,9.827663
1764068114180,-0.146845,-0.024549,9.819879
1764068114190,-0.126936,-0.015418,9.818682
1764068114200,-0.068707,-0.00015,9.802216
1764068114211,-0.06751,-0.020956,9.792187
1764068114221,-0.063917,-0.011526,9.789343
1764068114231,-0.09595,-0.020208,9.806707
1764068114241,-0.097896,-0.00958,9.81
1764068114251,-0.124242,-0.021555,9.818233
1764068114261,-0.131576,-0.016017,9.808952
1764068114271,-0.123044,-0.016765,9.80985
1764068114281,-0.097896,-0.010478,9.799821
1764068114291,-0.073497,-0.011376,9.793235
1764068114301,-0.088765,-0.024699,9.816586
1764068114311,-0.095202,-0.022304,9.792935
1764068114321,-0.097447,-0.021256,9.808802
1764068114331,-0.100441,-0.01422,9.808204
1764068114341,-0.114811,-0.017813,9.803863
1764068114351,-0.095352,-0.022603,9.81958
1764068114361,-0.099693,-0.020507,9.82437
1764068114371,-0.104782,-0.013921,9.798175
1764068114381,-0.087718,-0.005688,9.792786
1764068114391,-0.072449,-0.011227,9.798923
1764068114401,-0.085622,-0.013771,9.803114
1764068114411,-0.106578,-0.012873,9.808952
1764068114421,-0.111069,-0.012125,9.823173
1764068114431,-0.096699,-0.007484,9.811497
1764068114441,-0.118703,-0.014819,9.816736
1764068114451,-0.105531,0.000898,9.794283
1764068114461,-0.088616,-0.017663,9.794732
1764068114471,-0.083227,-0.018861,9.798324
1764068114481,-0.097597,-0.022902,9.803264
1764068114491,-0.097747,-0.016765,9.808802
1764068114501,-0.107177,-0.016915,9.802366
1764068114512,-0.102686,-0.007934,9.798624
1764068114522,-0.095651,-0.01946,9.799372
1764068114532,-0.102836,-0.005838,9.802665
1764068114542,-0.090412,-0.02904,9.810599
1764068114552,-0.075293,-0.016166,9.792935
1764068114562,-0.074545,-0.017214,9.796079
1764068114572,-0.094154,-0.011825,9.802665
1764068114582,-0.093555,-0.027243,9.808353
1764068114592,-0.091759,-0.022004,9.809102
1764068114602,-0.11541,-0.010778,9.831106
1764068114612,-0.100741,-0.009131,9.80521
1764068114622,-0.098345,-0.008532,9.801168
1764068114632,-0.079784,-0.015119,9.80521
1764068114642,-0.087418,-0.01931,9.797875
1764068114652,-0.091609,-0.012125,9.800719
1764068114662,-0.092208,-0.011227,9.802216
1764068114672,-0.110021,-0.001647,9.810299
1764068114682,-0.12499,-0.011526,9.808802
1764068114692,-0.092208,-0.01901,9.811048
1764068114702,-0.103585,-0.012125,9.799971
1764068114712,-0.087269,-0.023052,9.794582
1764068114722,-0.073497,-0.003143,9.789642
1764068114732,-0.08652,-0.008981,9.79084
1764068114742,-0.099393,-0.021405,9.821676
1764068114752,-0.113614,-0.004042,9.812994
1764068114762,-0.107027,-0.016466,9.818981
1764068114772,-0.112566,-0.011227,9.822724
1764068114782,-0.10598,-0.018861,9.812844
1764068114792,-0.089514,-0.018112,9.803414
1764068114802,-0.073647,-0.009131,9.799821
1764068114813,-0.06721,-0.031884,9.787247
1764068114823,-0.071551,-0.028141,9.767788
1764068114833,-0.109572,-0.020657,9.809252
1764068114843,-0.136815,-0.023651,9.821975
1764068114853,-0.157023,-0.012125,9.828561
1764068114863,-0.149689,-0.012274,9.811946
1764068114873,-0.07215,-0.021705,9.79548
1764068114883,-0.0,-0.010179,9.749675
1764068114893,-0.012873,-0.01437,9.761052
1764068114903,-0.082928,-0.005538,9.811347
1764068114913,-0.164957,-0.011825,9.850715
1764068114923,-0.188907,-0.014969,9.847422
1764068114933,-0.156425,-0.009281,9.842932
1764068114943,-0.088915,-0.015867,9.789044
1764068114953,-0.049697,-0.018412,9.815988
1764068114963,-0.037871,0.007484,9.760752
1764068114973,-0.067061,-0.039817,9.789642
1764068114983,-0.099543,-0.00479,9.822424
1764068114993,-0.118703,-0.017364,9.821227
1764068115003,-0.132325,-0.018262,9.805509
1764068115013,-0.130079,0.003143,9.813892
1764068115023,-0.112716,-0.023651,9.819131
1764068115033,-0.107926,-0.011526,9.81494
1764068115043,-0.052092,-0.0241,9.789642
1764068115053,-0.046703,-0.003143,9.78096
1764068115063,-0.077688,-0.006437,9.805509
1764068115073,-0.130978,-0.016765,9.80536
1764068115083,-0.150287,-0.027243,9.845626
1764068115093,-0.127834,-0.017813,9.81494
1764068115103,-0.121248,-0.002245,9.799073
1764068115114,-0.084125,-0.010478,9.786349
1764068115124,-0.070204,-0.004191,9.7859
1764068115134,-0.070503,-0.034279,9.799222
1764068115144,-0.069007,-0.029189,9.796528
1764068115154,-0.075293,-0.022603,9.817484
1764068115164,-0.131876,-0.017065,9.815688
1764068115174,-0.148791,-0.011376,9.837692
1764068115184,-0.129032,-0.008832,9.817035
1764068115194,-0.110021,-0.022154,9.800719
1764068115204,-0.066911,-0.021256,9.79548
1764068115214,-0.042961,-0.024699,9.780362
1764068115224,-0.065414,-0.01452,9.803563
1764068115234,-0.101639,-0.007784,9.788744
1764068115244,-0.104632,-0.016615,9.815688
1764068115254,-0.133822,-0.011376,9.80985
1764068115264,-0.116158,-0.012873,9.811796
1764068115274,-0.111967,-0.024549,9.819131
1764068115284,-0.100142,-0.017065,9.801019
1764068115294,-0.085173,-0.021405,9.793235
1764068115304,-0.080383,-0.00943,9.783056
1764068115314,-0.070503,-0.015867,9.803414
1764068115324,-0.097747,-0.021405,9.808204
1764068115334,-0.12978,-0.010628,9.820029
1764068115344,-0.110171,-0.010778,9.81494
1764068115354,-0.124541,-0.013023,9.803713
1764068115364,-0.089813,-0.015119,9.797426
1764068115374,-0.065115,-0.027692,9.79054
1764068115384,-0.056582,-0.006137,9.795331
1764068115394,-0.09146,-0.016915,9.795331
1764068115404,-0.147892,-0.016765,9.818532
1764068115415,-0.149539,-0.025297,9.831256
1764068115425,-0.117356,-0.002844,9.798474
1764068115435,-0.06272,-0.007185,9.782008
1764068115445,-0.068408,-0.012424,9.796678
1764068115455,-0.110021,-0.019909,9.812994
1764068115465,-0.125439,-0.01437,9.814491
1764068115475,-0.120649,-0.02425,9.801168
1764068115485,-0.069905,-0.00973,9.786199
1764068115495,-0.082179,-0.002694,9.798624
1764068115505,-0.244891,0.506547,9.799821
1764068115515,-0.859662,2.052681,9.811946
1764068115525,-0.268542,0.813259,9.838441
1764068115535,0.05763,-0.411195,9.821227
1764068115545,0.03353,-0.506547,9.801019
1764068115555,0.022902,-0.389041,9.804911
1764068115565,-0.057331,-0.012125,9.767488
1764068115575,-0.040266,0.0479,9.797426
1764068115585,-0.129032,-0.027543,9.816586
1764068115595,-0.09131,-0.031884,9.785152
1764068115605,-0.077389,-0.063318,9.803563
1764068115615,-0.122745,0.193548,9.813742
1764068115625,-0.096998,0.24504,9.803713
1764068115635,-0.079784,0.216151,9.832304
1764068115645,-0.027992,0.075144,9.750574
1764068115655,-0.125888,0.027393,9.831555
1764068115665,-0.115709,0.067659,9.794582
1764068115675,-0.14924,0.109123,9.797726
1764068115685,-0.131576,-0.035027,9.799671
1764068115695,-0.15882,-0.022902,9.829609
1764068115705,-0.107926,0.024549,9.782607
1764068115716,-0.143402,0.020956,9.803713
1764068115726,-0.117206,0.208217,9.818383
1764068115736,-0.05793,0.13442,9.820927
1764068115746,-0.089065,-0.006736,9.753268
1764068115756,-0.105081,-0.001497,9.850266
1764068115766,-0.077389,0.021405,9.815688
1764068115776,-0.069306,-0.083676,9.808054
1764068115786,-0.032632,-0.023801,9.812245
1764068115796,-0.083826,-0.078736,9.77153
1764068115806,-0.099693,0.015717,9.807605
1764068115816,-0.124092,0.12499,9.812844
1764068115826,-0.078886,0.053589,9.802665
1764068115836,-0.126936,-0.037422,9.805509
1764068115846,-0.053139,-0.010628,9.817634
1764068115856,-0.010927,-0.034578,9.782308
1764068115866,-0.071701,0.058079,9.76195
1764068115876,0.013173,0.102986,9.858799
1764068115886,-0.00958,0.027992,9.77647
1764068115896,-0.064666,-0.020058,9.829609
1764068115906,-0.102836,0.078437,9.783655
1764068115916,-0.114362,0.177231,9.833501
1764068115926,-0.11047,0.051792,9.757459
1764068115936,-0.06736,-0.110321,9.815239
1764068115946,-0.025746,-0.189805,9.785301
1764068115956,-0.02889,-0.07215,9.820778
1764068115966,0.01437,0.046553,9.79054
1764068115976,-0.024549,0.050595,9.811048
1764068115986,-0.025896,0.183668,9.813593
1764068115996,-0.06751,0.14924,9.785002
1764068116006,-0.141007,-0.01916,9.853859
1764068116016,-0.1202,0.065713,9.774823
1764068116027,-0.149689,0.195493,9.811198
1764068116037,-0.107027,-0.030536,9.759256
1764068116047,-0.15403,-0.258662,9.7621
1764068116057,-0.189356,-0.075144,9.841734
1764068116067,-0.167053,0.091011,9.851015
1764068116077,-0.11556,0.077539,9.873019
1764068116087,0.016466,0.03353,9.743688
1764068116097,-0.034877,0.060325,9.76195
1764068116107,-0.105081,-0.047002,9.801468
1764068116117,-0.138462,0.05284,9.843231
1764068116127,-0.106129,-0.068707,9.843979
1764068116137,-0.123793,-0.142055,9.798025
1764068116147,-0.08637,-0.020507,9.821975
1764068116157,-0.056732,-0.064216,9.808353
1764068116167,-0.061672,-0.080383,9.815688
1764068116177,-0.120948,-0.027543,9.798923
1764068116187,-0.147294,0.097896,9.788445
1764068116197,-0.211959,0.002994,9.789044
1764068116207,-0.162263,0.049098,9.812844
1764068116217,-0.093555,0.053589,9.840986
1764068116227,-0.046404,-0.090262,9.812844
1764068116237,-0.108225,0.059426,9.831855
1764068116247,-0.09146,0.013173,9.762998
1764068116257,-0.114063,-0.102986,9.791738
1764068116267,-0.122894,-0.116308,9.804312
1764068116277,-0.151784,0.003443,9.772728
1764068116287,-0.186961,0.106728,9.818383
1764068116297,-0.231568,0.114662,9.826166
1764068116307,-0.107477,0.073048,9.819131
1764068116317,-0.116757,0.148342,9.819281
1764068116328,-0.111518,-0.039668,9.8341
1764068116338,-0.075593,-0.018861,9.751621
1764068116348,-0.116757,-0.10119,9.808353
1764068116358,-0.077239,-0.160915,9.768237
1764068116368,-0.190105,-0.005988,9.835447
1764068116378,-0.122146,0.080083,9.820329
1764068116388,-0.147892,0.069007,9.802815
1764068116398,-0.060774,0.005688,9.81494
1764068116408,-0.164658,0.044008,9.799522
1764068116418,-0.143252,-0.049248,9.812994
1764068116428,-0.12484,-0.128882,9.815239
1764068116438,-0.162712,0.053139,9.79578
1764068116448,-0.127235,0.080383,9.781409
1764068116458,-0.030387,-0.10598,9.81479
1764068116468,-0.11556,-0.089364,9.810748
1764068116478,-0.119152,-0.022154,9.828412
1764068116488,-0.098495,-0.002694,9.817185
1764068116498,-0.07709,-0.066312,9.813892
1764068116508,-0.069905,-0.023801,9.779314
1764068116518,-0.051044,-0.007035,9.821376
1764068116528,-0.126487,0.002545,9.798175
1764068116538,-0.08667,0.189506,9.836345
1764068116548,-0.088765,0.281714,9.792187
1764068116558,-0.080982,0.120799,9.830956
1764068116568,-0.019759,0.008981,9.815688
1764068116578,-0.097148,-0.156574,9.799821
1764068116588,-0.066761,-0.106429,9.779164
1764068116598,-0.072,-0.011227,9.777368
1764068116608,-0.106279,-0.134121,9.821975
1764068116618,-0.13487,-0.094304,9.835447
1764068116629,-0.136366,0.00973,9.827663
1764068116639,-0.227826,-0.04341,9.830657
1764068116649,-0.17319,-0.012873,9.790391
1764068116659,-0.095801,0.005688,9.798624
1764068116669,-0.014969,0.015568,9.807156
1764068116679,0.031135,0.066911,9.762698
1764068116689,-0.040865,0.010628,9.825268
1764068116699,-0.020058,-0.03368,9.817784
1764068116709,-0.004341,0.065414,9.800719
1764068116719,-0.124691,-0.064965,9.828412
1764068116729,-0.154928,-0.124391,9.832304
1764068116739,-0.087418,0.085472,9.819879
1764068116749,-0.144899,0.069007,9.777218
1764068116759,-0.143551,0.135468,9.820329
1764068116769,-0.122445,0.169747,9.813742
1764068116779,-0.212708,0.012274,9.806258
1764068116789,-0.180525,-0.071701,9.831705
1764068116799,-0.131726,-0.092508,9.770183
1764068116809,-0.10104,0.046853,9.796079
1764068116819,-0.063468,0.060325,9.798923
1764068116829,-0.108973,-0.079784,9.81479
1764068116839,-0.185165,-0.071851,9.79578
1764068116849,-0.213755,0.016166,9.820927
1764068116859,-0.291444,-0.105231,9.80057
1764068116869,-0.182471,-0.056283,9.846075
1764068116879,-0.18292,-0.11541,9.809551
1764068116889,-0.141755,0.032183,9.783954
1764068116899,-0.141606,0.141156,9.803863
1764068116909,-0.133522,0.114961,9.801019
1764068116919,-0.105081,-0.066312,9.796827
1764068116930,-0.182021,-0.029339,9.827214
1764068116940,-0.275577,-0.033381,9.815389
1764068116950,-0.227826,-0.006886,9.81973
1764068116960,-0.108824,0.045056,9.812994
1764068116970,-0.083676,-0.04311,9.803414
1764068116980,-0.100441,0.023651,9.802366
1764068116990,-0.132924,-0.14894,9.80042
1764068117000,-0.156574,-0.02904,9.820029
1764068117010,-0.193697,-0.046404,9.808204
1764068117020,-0.161514,0.045056,9.82437
1764068117030,-0.082329,0.099094,9.816736
1764068117040,-0.08637,0.063618,9.809701
1764068117050,-0.065414,0.023202,9.796528
1764068117060,-0.1681,0.028141,9.808802
1764068117070,-0.177531,0.163011,9.801168
1764068117080,-0.162412,-0.054786,9.821376
1764068117090,-0.174537,0.067959,9.800719
1764068117100,-0.091609,0.246388,9.824669
1764068117110,-0.00015,0.051792,9.802965
1764068117120,-0.023052,-0.097447,9.772728
1764068117130,-0.078138,-0.150138,9.843979
1764068117140,-0.039518,0.088616,9.789343
1764068117150,-0.01946,0.069156,9.821376
1764068117160,-0.063917,0.220192,9.786349
1764068117170,-0.111817,0.121996,9.822574
1764068117180,-0.111967,0.198338,9.796827
1764068117190,-0.10089,-0.05284,9.818981
1764068117200,-0.13966,-0.111668,9.778266
1764068117210,-0.144599,0.059127,9.79069
1764068117220,-0.054936,-0.021256,9.79548
1764068117231,-0.015418,0.042362,9.797276
1764068117241,0.123643,0.003443,9.792486
1764068117251,0.0241,-0.083377,9.810898
1764068117261,-0.044607,-0.113015,9.813593
1764068117271,-0.04805,-0.013472,9.836345
1764068117281,-0.020208,0.226329,9.836046
1764068117291,-0.060175,0.136815,9.801318
1764068117301,0.019909,-0.110919,9.797875
1764068117311,-0.070204,-0.202229,9.827963
1764068117321,-0.05269,0.121996,9.796678
1764068117331,-0.028441,-0.095801,9.81015
1764068117341,-0.112566,-0.031135,9.793834
1764068117351,-0.079036,0.190853,9.786349
1764068117361,-0.047302,0.226778,9.825717
1764068117371,-0.080682,0.041464,9.83395
1764068117381,-0.054487,0.045206,9.809102
1764068117391,-0.071551,-0.049697,9.778715
1764068117401,-0.089364,-0.004341,9.767189
1764068117411,-0.084874,0.183069,9.82422
1764068117421,-0.097447,0.042212,9.833202
1764068117431,-0.190105,-0.086819,9.789942
1764068117441,-0.224234,0.080832,9.81479
1764068117451,-0.224683,0.120499,9.807605
1764068117461,-0.253124,0.008532,9.813742
1764068117471,-0.3127,-0.092657,9.814341
1764068117481,-0.209564,0.002844,9.780661
1764068117491,-0.123194,-0.048799,9.775272
1764068117501,-0.214953,-0.126337,9.827963
1764068117511,-0.198188,-0.08637,9.842482
1764068117521,-0.221539,-0.055385,9.804761
1764068117532,-0.191452,0.049248,9.817484
1764068117542,-0.153581,0.009131,9.770931
1764068117552,-0.151485,0.041015,9.755064
1764068117562,-0.181722,0.078736,9.803563
1764068117572,-0.155377,0.06257,9.817934
1764068117582,-0.196691,0.053439,9.833052
1764068117592,-0.235311,0.037572,9.791588
1764068117602,-0.180375,0.186213,9.834399
1764068117612,-0.036075,0.114811,9.804911
1764068117622,-0.130529,-0.083227,9.836794
1764068117632,-0.123942,-0.087418,9.7618
1764068117642,-0.104483,-0.026046,9.778865
1764068117652,-0.066761,-0.013472,9.798175
1764068117662,-0.23097,0.146096,9.807306
1764068117672,-0.313298,0.051942,9.837842
1764068117682,-0.267045,0.113464,9.831705
1764068117692,-0.221988,0.002096,9.823322
1764068117702,-0.234113,0.0964,9.760603
1764068117712,-0.106129,0.061971,9.827514
1764068117722,-0.125289,0.136516,9.804911
1764068117732,-0.164807,0.025297,9.830058
1764068117742,-0.162712,0.098944,9.776021
1764068117752,-0.083676,0.046404,9.832304
1764068117762,-0.187261,-0.059726,9.808802
1764068117772,-0.125289,-0.085921,9.816287
1764068117782,-0.214803,-0.10104,9.764644
1764068117792,-0.224383,-0.066312,9.789343
1764068117802,-0.22139,0.043859,9.773775
1764068117812,-0.223036,0.020956,9.837393
1764068117822,-0.121847,0.115709,9.799671
1764068117833,-0.085023,0.064366,9.817335
1764068117843,-0.030986,0.075742,9.765692
1764068117853,0.060774,0.126936,9.754465
1764068117863,0.078886,0.044907,9.819131
1764068117873,0.196691,0.021555,9.823921
1764068117883,0.090861,0.010628,9.843081
1764068117893,0.061672,-0.039218,9.811198
1764068117903,-0.050295,-0.092807,9.802665
1764068117913,-0.046404,-0.022753,9.81015
1764068117923,-0.068857,0.030536,9.776021
1764068117933,-0.060175,-0.055834,9.781409
1764068117943,-0.128283,-0.119003,9.782906
1764068117953,-0.06721,-0.078587,9.803114
1764068117963,-0.117955,-0.071102,9.859248
1764068117973,-0.111219,0.018262,9.815688
1764068117983,0.007634,0.104483,9.82916
1764068117993,-0.003892,0.109872,9.761501
1764068118003,-0.049397,0.018412,9.752969
1764068118013,-0.127235,-0.122595,9.806557
1764068118023,-0.046254,-0.089664,9.795929
1764068118033,-0.045505,0.002395,9.812245
1764068118043,-0.037572,-0.075144,9.855954
1764068118053,-0.160915,-0.228275,9.831405
1764068118063,-0.176782,-0.075593,9.841734
1764068118073,-0.195643,0.089813,9.785601
1764068118083,-0.231419,0.050445,9.755364
1764068118093,-0.232766,0.010778,9.783056
1764068118103,-0.24534,0.055385,9.792636
1764068118113,-0.265099,0.150737,9.829759
1764068118123,-0.325274,-0.036973,9.855056
1764068118134,-0.265248,0.023501,9.86299
1764068118144,-0.232317,0.172741,9.812694
1764068118154,-0.0723,0.161814,9.789942
1764068118164,-0.016017,-0.034428,9.732761
1764068118174,-0.121248,-0.136965,9.794881
1764068118184,-0.130978,0.050295,9.78605
1764068118194,-0.231269,0.136217,9.839189
1764068118204,-0.201032,0.098046,9.82452
1764068118214,-0.300575,0.152832,9.852362
1764068118224,-0.30297,0.041763,9.798773
1764068118234,-0.254022,0.102088,9.7377
1764068118244,-0.190554,0.207918,9.794881
1764068118254,-0.045655,0.185464,9.75701
1764068118264,-0.069007,0.114662,9.815089
1764068118274,-0.126637,0.24998,9.84383
1764068118284,-0.146545,0.141606,9.836944
1764068118294,-0.199086,0.12499,9.81015
1764068118304,-0.123194,0.072898,9.796977
1764068118314,-0.206121,-0.030686,9.79563
1764068118324,-0.060923,-0.032782,9.791139
1764068118334,0.011077,0.098046,9.789642
1764068118344,0.014819,0.009879,9.809401
1764068118354,-0.049397,0.037722,9.805958
1764068118364,-0.080982,0.090711,9.839788
1764068118374,-0.0241,-0.098345,9.802815
1764068118384,-0.057031,-0.027842,9.812395
1764068118394,-0.034428,-0.043709,9.782308
1764068118404,-0.016166,-0.047002,9.746682
1764068118414,-0.133223,-0.075144,9.810449
1764068118424,-0.161664,-0.128732,9.9061
1764068118435,-0.145647,-0.012424,9.832453
1764068118445,-0.117805,0.075892,9.808503
1764068118455,0.037572,-0.114811,9.715846
1764068118465,-0.040117,-0.164658,9.821227
1764068118475,-0.07709,-0.104782,9.847871
1764068118485,0.002545,-0.115859,9.785451
1764068118495,-0.046553,-0.102387,9.771231
1764068118505,-0.139061,-0.275128,9.797426
1764068118515,-0.189656,-0.293689,9.894125
1764068118525,-0.116608,-0.1922,9.874965
1764068118535,-0.040715,-0.052391,9.724378
1764068118545,0.021405,-0.121697,9.667047
1764068118555,-0.026046,-0.133822,9.743538
1764068118565,-0.169298,-0.023052,9.903855
1764068118575,-0.129032,-0.112416,9.904603
1764068118585,-0.060624,-0.077389,9.793834
1764068118595,0.012574,0.048499,9.799971
1764068118605,-0.069605,-0.183369,9.804162
1764068118615,-0.155826,-0.123643,9.826166
1764068118625,-0.156425,-0.069306,9.76689
1764068118635,-0.179477,-0.075593,9.768087
1764068118645,-0.276026,-0.035776,9.791139
1764068118655,-0.449665,0.029339,9.873169
1764068118665,-0.277822,0.04341,9.872271
1764068118675,-0.185614,0.208816,9.846524
1764068118685,-0.074545,-0.040416,9.749975
1764068118695,-0.038021,-0.046553,9.735305
1764068118705,-0.056433,-0.036823,9.770033
1764068118715,-0.117356,-0.061522,9.796079
1764068118725,-0.208965,-0.161814,9.863738
1764068118736,-0.330213,-0.131277,9.849069
1764068118746,-0.296384,-0.101639,9.863289
1764068118756,-0.243394,-0.026645,9.822724
1764068118766,-0.204924,-0.053589,9.757459
1764068118776,-0.159418,0.004191,9.768985
1764068118786,-0.197739,0.029788,9.778865
1764068118796,-0.197888,0.077688,9.790391
1764068118806,-0.156275,-0.068408,9.837243
1764068118816,-0.063767,-0.218845,9.820329
1764068118826,-0.119302,-0.167352,9.875414
1764068118836,-0.091011,0.085173,9.827065
1764068118846,-0.069156,0.116308,9.772428
1764068118856,-0.090861,0.000748,9.748179
1764068118866,-0.213306,0.066911,9.799671
1764068118876,-0.318238,-0.049098,9.797127
1764068118886,-0.300874,-0.047152,9.83874
1764068118896,-0.186512,0.103285,9.825867
1764068118906,-0.024848,-0.026196,9.796528
1764068118916,0.005538,0.167202,9.85805
1764068118926,0.061821,0.03862,9.754765
1764068118936,-0.026196,-0.05763,9.782607
1764068118946,0.030536,0.104483,9.76674
1764068118956,0.001497,0.168699,9.807455
1764068118966,0.06721,0.103884,9.854458
1764068118976,-0.020208,0.02395,9.81015
1764068118986,-0.139809,-0.039069,9.834848
1764068118996,-0.195493,-0.120499,9.804611
1764068119006,-0.258063,-0.063318,9.814191
1764068119016,-0.251477,0.089514,9.763746
1764068119026,-0.17798,-0.108225,9.753567
1764068119037,-0.179626,-0.022154,9.773925
1764068119047,-0.190554,-0.107027,9.821376
1764068119057,-0.083676,-0.070054,9.802066
1764068119067,-0.01946,-0.06257,9.837692
1764068119077,-0.087418,-0.067959,9.832154
1764068119087,-0.253273,-0.116757,9.840087
1764068119097,-0.197739,-0.191452,9.783804
1764068119107,-0.201032,-0.222138,9.729767
1764068119117,-0.177681,-0.154928,9.765842
1764068119127,-0.072599,-0.11062,9.784104
1764068119137,-0.059426,-0.120799,9.864187
1764068119147,0.047601,0.037272,9.862241
1764068119157,0.01946,-0.012873,9.830208
1764068119167,-0.086071,-0.034728,9.797576
1764068119177,-0.152233,0.011376,9.808653
1764068119187,-0.194146,0.186213,9.798474
1764068119197,-0.191452,0.186961,9.77168
1764068119207,-0.203128,0.117506,9.777667
1764068119217,-0.288151,0.109872,9.811048
1764068119227,-0.296084,-0.054487,9.87272
1764068119237,-0.27872,0.217498,9.84862
1764068119247,-0.117206,0.20208,9.807156
1764068119257,0.057031,0.117805,9.786199
1764068119267,0.044308,-0.083377,9.753118
1764068119277,0.073347,-0.182171,9.79084
1764068119287,-0.078437,-0.066013,9.80057
1764068119297,-0.142953,-0.188308,9.825717
1764068119307,-0.174238,-0.141456,9.84862
1764068119317,-0.221988,0.007185,9.837842
1764068119327,-0.228874,-0.029189,9.825867
1764068119338,-0.207618,0.051044,9.773326
1764068119348,-0.165556,-0.003293,9.745933
1764068119358,-0.027094,-0.137863,9.762998
1764068119368,0.049547,-0.090412,9.787247
1764068119378,0.092358,0.112865,9.852362
1764068119388,0.03847,0.023351,9.842033
1764068119398,-0.1684,-0.155676,9.820478
1764068119408,-0.313448,-0.110321,9.794133
1764068119418,-0.316292,-0.070204,9.789343
1764068119428,-0.296533,-0.024848,9.770931
1764068119438,-0.289797,0.058528,9.791439
1764068119448,-0.231718,0.156125,9.799372
1764068119458,-0.108674,0.137714,9.844578
1764068119468,-0.030686,0.052391,9.808952
1764068119478,-0.069905,-0.022304,9.816736
1764068119488,-0.096699,-0.223934,9.815838
1764068119498,-0.174836,-0.218695,9.834699
1764068119508,-0.198038,-0.097298,9.831106
1764068119518,-0.236358,-0.017813,9.750873
1764068119528,-0.181423,-0.051343,9.754465
1764068119538,-0.143851,0.174537,9.834998
1764068119548,-0.127535,0.296234,9.837543
1764068119558,-0.080533,0.199086,9.833052
1764068119568,-0.047152,0.0479,9.782607
1764068119578,-0.177531,-0.179327,9.803563
1764068119588,-0.203427,-0.145947,9.845027
1764068119598,-0.172292,-0.194595,9.838291
1764068119608,0.047302,-0.197439,9.761501
1764068119618,0.016316,-0.357756,9.717642
1764068119628,0.002994,-0.300126,9.793235
1764068119639,-0.075742,-0.154179,9.879605
1764068119649,-0.070204,-0.313598,9.837692
1764068119659,-0.061073,-0.321681,9.851464
1764068119669,-0.084275,-0.388442,9.814042
1764068119679,-0.17334,-0.104782,9.80521
1764068119689,-0.085921,-0.116009,9.767339
1764068119699,-0.032033,-0.120499,9.759555
1764068119709,-0.032632,-0.111219,9.748179
1764068119719,-0.137115,-0.297581,9.809701
1764068119729,-0.226928,-0.231419,9.856104
1764068119739,-0.201631,-0.157023,9.903406
1764068119749,-0.14909,-0.159868,9.831106
1764068119759,-0.121248,-0.401914,9.781859
1764068119769,-0.058828,-0.404609,9.760603
1764068119779,-0.054786,-0.208816,9.74264
1764068119789,-0.104932,-0.238005,9.784104
1764068119799,-0.180375,-0.233514,9.836645
1764068119809,-0.262404,-0.164059,9.854008
1764068119819,-0.25492,-0.11077,9.847572
1764068119829,-0.167651,-0.067809,9.800719
1764068119839,-0.070803,0.003742,9.779164
1764068119849,-0.035626,0.008532,9.772428
1764068119859,-0.036674,0.01946,9.763447
1764068119869,-0.061522,0.030087,9.780362
1764068119879,-0.140109,0.037871,9.805809
1764068119889,-0.239951,0.003742,9.848919
1764068119899,-0.25477,0.012424,9.874067
1764068119909,-0.159718,0.015568,9.837992
1764068119919,-0.06242,0.021705,9.7859
1764068119929,0.001198,0.020807,9.752819
1764068119940,-0.056283,0.014819,9.771979
1764068119950,-0.136666,0.006437,9.812844
1764068119960,-0.184566,0.003892,9.831705
1764068119970,-0.190703,0.032183,9.826915
1764068119980,-0.167502,0.014669,9.822274
1764068119990,-0.160017,0.010478,9.815988
1764068120000,-0.100591,0.008532,9.797875
1764068120010,-0.054187,0.027393,9.783804
1764068120020,-0.0479,0.007934,9.764195
1764068120030,-0.115111,0.033381,9.799222
1764068120040,-0.169897,-0.016915,9.813443
1764068120050,-0.188458,-0.002694,9.829759
1764068120060,-0.173789,0.01422,9.852661
1764068120070,-0.113763,0.011975,9.785301
1764068120080,-0.111368,0.02889,9.803863
1764068120090,-0.087867,0.018262,9.78605
1764068120100,-0.074246,0.033381,9.806557
1764068120110,-0.089364,0.025447,9.767339
1764068120120,-0.118553,0.01422,9.796229
1764068120130,-0.207169,0.00958,9.869726
1764068120140,-0.214354,-0.003593,9.836495
1764068120150,-0.14909,0.008682,9.819131
1764068120160,-0.055834,0.014669,9.789792
1764068120170,-0.007634,0.031435,9.730366
1764068120180,-0.052541,0.023801,9.773925
1764068120190,-0.164508,0.021855,9.816886
1764068120200,-0.23546,0.005988,9.849069
1764068120210,-0.198936,-0.005988,9.853859
1764068120220,-0.113015,-0.004341,9.778416
1764068120230,-0.065414,0.02904,9.816586
1764068120241,-0.05793,0.018262,9.731563
1764068120251,-0.107626,0.016166,9.81015
1764068120261,-0.148342,0.005239,9.811946
1764068120271,-0.156125,0.023052,9.798624
1764068120281,-0.155078,0.006137,9.820927
1764068120291,-0.161364,0.010927,9.847272
1764068120301,-0.138462,-0.00464,9.767339
1764068120311,-0.117506,-0.079634,9.83425
1764068120321,-0.147443,-1.022224,9.727671
1764068120331,-0.06751,-1.292562,9.778116
1764068120341,-0.001946,0.292192,9.84832
1764068120351,-0.182471,0.065264,9.841285
1764068120361,-0.12514,-0.261357,9.836944
1764068120371,0.007484,-0.176333,9.80985
1764068120381,-0.022154,-0.340093,9.747131
1764068120391,-0.046404,-0.136965,9.79563
1764068120401,-0.150886,-0.238604,9.811946
1764068120411,-0.218246,-0.329165,9.788445
1764068120421,-0.185464,-0.271835,9.842333
1764068120431,-0.160766,-0.22139,9.805659
1764068120441,-0.156275,-0.276325,9.860744
1764068120451,-0.085023,-0.252076,9.823023
1764068120461,-0.020657,-0.273781,9.778565
1764068120471,0.058229,-0.129181,9.77153
1764068120481,0.038171,-0.224084,9.781709
1764068120491,-0.00479,-0.208816,9.810898
1764068120501,-0.142055,-0.001796,9.888736
1764068120511,-0.16331,-0.073048,9.823472
1764068120521,-0.265697,-0.222288,9.817484
1764068120531,-0.258213,-0.003593,9.793834
1764068120542,-0.234413,-0.067659,9.773177
1764068120552,-0.246837,-0.163161,9.821676
1764068120562,-0.241448,-0.291294,9.804761
1764068120572,-0.189207,-0.227377,9.830807
1764068120582,-0.170346,0.078736,9.849817
1764068120592,-0.12499,0.022154,9.787397
1764068120602,-0.11541,-0.005838,9.793534
1764068120612,-0.167202,-0.065863,9.807755
1764068120622,-0.179776,-0.111817,9.811048
1764068120632,-0.16331,-0.122296,9.805809
1764068120642,-0.216001,-0.30776,9.792935
1764068120652,-0.300575,-0.44218,9.807156
1764068120662,-0.290546,-0.251627,9.814341
1764068120672,-0.251776,-0.200134,9.806707
1764068120682,-0.129481,-0.338596,9.784403
1764068120692,-0.083676,-0.222288,9.80536
1764068120702,0.01422,-0.007035,9.830358
1764068120712,0.083826,0.026794,9.825568
1764068120722,0.06721,-0.131277,9.793834
1764068120732,0.076341,-0.21151,9.79054
1764068120742,0.054487,-0.094154,9.796229
1764068120752,-0.042512,-0.191152,9.827663
1764068120762,-0.066611,-0.177231,9.811048
1764068120772,-0.063468,-0.235909,9.802665
1764068120782,-0.087568,-0.455353,9.82422
1764068120792,-0.027842,-0.265997,9.812994
1764068120802,0.030836,-0.248932,9.791888
1764068120812,0.154179,-0.180525,9.789343
1764068120822,0.048499,0.118853,9.789642
1764068120832,-0.113614,0.259261,9.787996
1764068120842,-0.131427,0.271685,9.846524
1764068120853,-0.240849,0.327369,9.833202
1764068120863,-0.192799,0.076192,9.830507
1764068120873,-0.15882,-0.326471,9.801767
1764068120883,-0.196541,-0.508343,9.782308
1764068120893,-0.156874,-0.478555,9.777667
1764068120903,-0.189955,-0.528551,9.796977
1764068120913,-0.042811,-0.413889,9.803264
1764068120923,0.071851,-0.314646,9.842333
1764068120933,0.079485,-0.055535,9.834998
1764068120943,-0.036524,0.048799,9.852362
1764068120953,-0.060923,0.056582,9.794732
1764068120963,-0.064366,0.089065,9.792037
1764068120973,-0.08652,0.076042,9.788595
1764068120983,-0.128134,0.119302,9.798175
1764068120993,-0.280517,0.034428,9.791738
1764068121003,-0.3127,-0.020657,9.828711
1764068121013,-0.291294,0.102237,9.851464
1764068121023,-0.212708,0.082928,9.808952
1764068121033,-0.126637,-0.106728,9.785601
1764068121043,-0.075443,-0.119302,9.791588
1764068121053,-0.080832,-0.071851,9.787996
1764068121063,-0.127684,0.071701,9.814491
1764068121073,-0.137115,-0.194595,9.809551
1764068121083,-0.15403,-0.03832,9.808503
1764068121093,-0.142953,-0.008682,9.830507
1764068121103,-0.141156,-0.129032,9.809102
1764068121113,-0.146096,-0.177531,9.825867
1764068121123,-0.135618,-0.203128,9.772129
1764068121133,-0.089514,-0.071701,9.826765
1764068121143,-0.126786,-0.281265,9.754016
1764068121154,-0.228874,-0.383952,9.727821
1764068121164,-0.236059,-0.238005,9.849218
1764068121174,-0.248932,-0.083975,9.882599
1764068121184,-0.221689,-0.023351,9.970616
1764068121194,-0.161215,-0.212109,9.834848
1764068121204,-0.23546,-0.164957,9.672137
1764068121214,-0.172741,-0.161814,9.652228
1764068121224,-0.228724,0.089664,9.754915
1764068121234,-0.220791,0.332459,9.908645
1764068121244,-0.134271,0.263901,9.971364
1764068121254,-0.114662,0.063019,9.85326
1764068121264,0.016466,-0.035626,9.727821
1764068121274,0.161514,-0.069306,9.724827
1764068121284,0.122146,-0.068557,9.711056
1764068121294,0.068108,0.115859,9.743538
1764068121304,-0.053439,0.049996,9.786948
1764068121314,-0.167202,0.167352,9.83889
1764068121324,-0.24549,0.277822,9.971364
1764068121334,-0.270038,0.109273,9.919572
1764068121344,-0.286504,-0.06242,9.809701
1764068121354,-0.235909,-0.202828,9.657168
1764068121364,-0.156125,-0.27393,9.660461
1764068121374,-0.075593,-0.123194,9.756711
1764068121384,-0.070204,0.092957,9.871672
1764068121394,0.020208,-0.076341,9.932745
1764068121404,0.051343,0.007484,9.904903
1764068121414,0.142055,-0.066462,9.810299
1764068121424,0.126637,-0.256566,9.733958
1764068121434,-0.001198,-0.272883,9.697883
1764068121444,-0.00973,-0.229622,9.715247
1764068121455,-0.186662,-0.029638,9.764794
1764068121465,-0.208367,0.108973,9.836645
1764068121475,-0.309257,-0.066013,9.903855
1764068121485,-0.24055,0.218845,9.971215
1764068121495,-0.072449,0.069306,9.824669
1764068121505,0.037722,-0.019909,9.737251
1764068121515,0.176932,-0.104034,9.668095
1764068121525,0.231419,-0.140109,9.677376
1764068121535,0.199385,-0.003593,9.821077
1764068121545,0.07679,-0.197739,9.923763
1764068121555,-0.025896,-0.12035,9.920171
1764068121565,-0.143701,-0.342338,9.852362
1764068121575,-0.045655,-0.469274,9.78575
1764068121585,-0.119751,-0.215701,9.715846
1764068121595,-0.165705,-0.109872,9.738299
1764068121605,-0.1684,-0.237257,9.736203
1764068121615,-0.056732,0.143701,9.84847
1764068121625,0.086071,0.056433,9.901609
1764068121635,0.113913,0.003443,9.893377
1764068121645,0.047152,-0.011077,9.79578
1764068121655,0.078138,-0.175136,9.735904
1764068121665,-0.087269,-0.293689,9.712702
1764068121675,-0.214654,0.015717,9.817634
1764068121685,-0.25956,-0.003742,9.88215
1764068121695,-0.350571,0.025148,9.846674
1764068121705,-0.356409,-0.121847,9.772578
1764068121715,-0.197439,0.204175,9.758357
1764068121725,-0.143851,0.14445,9.762249
1764068121735,-0.124242,0.186512,9.849817
1764068121745,-0.005089,0.440833,9.851314
1764068121756,-0.013921,0.018861,9.79069
1764068121766,-0.182321,0.007185,9.776919
1764068121776,-0.179477,0.156574,9.825418
1764068121786,-0.090412,-0.039817,9.821526
1764068121796,-0.135768,-0.057331,9.817035
1764068121806,-0.251028,0.05299,9.773326
1764068121816,-0.171992,-0.065264,9.776021
1764068121826,-0.119452,0.099094,9.847572
1764068121836,-0.102237,0.233963,9.87736
1764068121846,-0.148491,0.164059,9.819879
1764068121856,-0.180076,0.168699,9.769734
1764068121866,-0.280966,-0.023801,9.728569
1764068121876,-0.25028,0.186662,9.75716
1764068121886,-0.236957,0.089813,9.822724
1764068121896,-0.264051,0.214953,9.86299
1764068121906,-0.235161,0.105531,9.860744
1764068121916,-0.082778,0.159269,9.828112
1764068121926,0.008083,0.189207,9.797426
1764068121936,0.035776,0.241747,9.751921
1764068121946,0.089963,0.20657,9.742341
1764068121956,0.087418,0.140109,9.732012
1764068121966,0.05778,0.29324,9.798624
1764068121976,-0.039817,0.15373,9.870774
1764068121986,-0.093256,0.191602,9.921967
1764068121996,-0.131127,0.098196,9.855655
1764068122006,-0.204026,0.119302,9.76659
1764068122016,-0.194296,-0.165406,9.709858
1764068122026,-0.194296,-0.020058,9.743089
1764068122036,-0.186512,0.069905,9.794732
1764068122046,-0.066611,0.192649,9.850416
1764068122057,-0.028141,0.156724,9.835896
1764068122067,0.118254,0.160466,9.859846
1764068122077,0.14445,0.241598,9.81943
1764068122087,0.093406,-0.020807,9.784104
1764068122097,0.006736,-0.034279,9.740245
1764068122107,-0.041015,-0.300725,9.757609
1764068122117,-0.104034,0.020807,9.734258
1764068122127,0.016615,0.051942,9.819879
1764068122137,-0.077838,0.071851,9.898316
1764068122147,-0.090412,0.202379,9.878857
1764068122157,-0.041613,0.290097,9.84353
1764068122167,0.044607,0.215851,9.72363
1764068122177,0.032033,0.18771,9.730066
1764068122187,0.022603,0.119901,9.739946
1764068122197,0.012274,0.219893,9.834399
1764068122207,-0.088616,0.066312,9.882599
1764068122217,-0.062869,0.0482,9.823173
1764068122227,-0.022304,-0.088616,9.777068
1764068122237,-0.083077,-0.011975,9.841584
1764068122247,-0.154179,0.013023,9.826017
1764068122257,-0.136815,0.055684,9.84847
1764068122267,-0.080832,0.056283,9.726174
1764068122277,-0.01916,0.089813,9.678274
1764068122287,-0.113913,-0.080682,9.793385
1764068122297,-0.190554,0.195044,9.918075
1764068122307,-0.203726,0.202828,9.93963
1764068122317,-0.092059,0.157772,9.861792
1764068122327,-0.038171,0.088616,9.722282
1764068122337,-0.097747,0.088616,9.677675
1764068122347,-0.107626,0.219743,9.750723
1764068122358,-0.08158,0.235909,9.826615
1764068122368,-0.182171,0.135319,9.797726
1764068122378,-0.192949,0.285456,9.838591
1764068122388,-0.278421,0.14445,9.873169
1764068122398,-0.305814,-0.003593,9.864038
1764068122408,-0.198487,0.123643,9.818233
1764068122418,-0.050595,0.054936,9.699829
1764068122428,0.020956,-0.040416,9.696686
1764068122438,-0.15403,0.013322,9.754166
1764068122448,-0.196392,0.257614,9.898466
1764068122458,-0.246986,0.342637,9.934391
1764068122468,-0.214205,0.096849,9.915081
1764068122478,-0.226629,0.005538,9.781709
1764068122488,-0.241747,0.009131,9.722432
1764068122498,-0.063767,0.467628,9.751921
1764068122508,-0.078587,0.492626,9.762249
1764068122518,-0.072898,0.382754,9.785301
1764068122528,-0.023202,0.521516,9.810898
1764068122538,-0.061971,0.475112,9.831256
1764068122548,-0.111368,0.264949,9.879007
1764068122558,-0.101788,0.168699,9.839788
1764068122568,0.047002,0.145797,9.783505
1764068122578,0.130828,0.027393,9.705966
1764068122588,0.044458,-0.028591,9.71869
1764068122598,0.007185,0.157323,9.805958
1764068122608,-0.078437,0.148641,9.886192
1764068122618,-0.098196,0.136516,9.870624
1764068122628,-0.052391,0.06272,9.812994
1764068122638,-0.000299,0.132325,9.789193
1764068122648,-0.062271,0.083676,9.795929
1764068122659,-0.102088,-0.016765,9.784852
1764068122669,-0.091909,0.020208,9.776919
1764068122679,-0.03832,-0.013322,9.828561
1764068122689,-0.043559,-0.085323,9.829909
1764068122699,0.001796,0.012574,9.830657
1764068122709,0.000299,0.028591,9.795929
1764068122719,-0.050146,-0.005538,9.745484
1764068122729,-0.091909,0.137714,9.808952
1764068122739,-0.152832,0.248034,9.84847
1764068122749,-0.128433,0.243993,9.851464
1764068122759,-0.071851,0.282612,9.786649
1764068122769,0.041164,0.193098,9.720486
1764068122779,-0.097148,0.026345,9.769734
1764068122789,-0.232167,-0.068857,9.823771
1764068122799,-0.191152,-0.308958,9.852063
1764068122809,-0.162712,-0.37048,9.840237
1764068122819,-0.113913,-0.386347,9.813892
1764068122829,-0.111817,-0.368234,9.799971
1764068122839,-0.162562,-0.24983,9.770782
1764068122849,-0.123044,-0.078437,9.77138
1764068122859,0.041015,0.258961,9.759854
1764068122869,0.22603,0.451611,9.812994
1764068122879,-0.033979,0.360301,9.861194
1764068122889,-0.196841,0.234562,9.898616
1764068122899,-0.223186,0.135917,9.844728
1764068122909,-0.212558,0.407303,9.782757
1764068122919,-0.118104,0.18741,9.720336
1764068122929,-0.117506,0.205074,9.744137
1764068122939,-0.098046,0.178728,9.775572
1764068122949,-0.089664,0.170346,9.815988
1764068122960,-0.129032,0.225581,9.861643
1764068122970,-0.190703,0.126487,9.865535
1764068122980,-0.184716,0.166154,9.834998
1764068122990,-0.108973,0.147443,9.796229
1764068123000,-0.026944,0.104632,9.745185
1764068123010,-0.026345,-0.018561,9.733958
1764068123020,-0.129181,-0.149988,9.795181
1764068123030,-0.188757,-0.103285,9.828711
1764068123040,-0.160766,-0.005389,9.864936
1764068123050,-0.163011,-0.006586,9.847871
1764068123060,-0.158221,-0.100441,9.797576
1764068123070,-0.069156,-0.074844,9.746682
1764068123080,-0.01946,0.020657,9.765542
1764068123090,-0.09116,-0.097298,9.78575
1764068123100,-0.184566,-0.151186,9.82437
1764068123110,-0.157323,-0.074545,9.855206
1764068123120,-0.118104,-0.04341,9.849069
1764068123130,-0.119003,-0.024549,9.811647
1764068123140,-0.150886,0.015418,9.76195
1764068123150,-0.055834,-0.014819,9.788894
1764068123160,-0.102387,0.049996,9.765393
1764068123170,0.007185,0.045056,9.803414
1764068123180,-0.057181,0.00958,9.848021
1764068123190,-0.045805,0.063169,9.837692
1764068123200,-0.030836,0.024699,9.834399
1764068123210,0.023202,0.111219,9.760453
1764068123220,-0.024848,0.175435,9.771231
1764068123230,-0.114063,0.134121,9.82916
1764068123240,-0.117955,0.010478,9.795031
1764068123250,-0.098944,-0.011227,9.786798
1764068123261,-0.085323,-0.031884,9.787846
1764068123271,-0.112566,-0.03862,9.832753
1764068123281,-0.146994,-0.002245,9.832902
1764068123291,-0.088017,-0.019609,9.814042
1764068123301,-0.015418,0.011227,9.75237
1764068123311,-0.032782,-0.008532,9.819281
1764068123321,-0.083526,-0.026046,9.804012
1764068123331,-0.126038,-0.006736,9.837393
1764068123341,-0.063169,-0.036075,9.84368
1764068123351,-0.038919,-0.012274,9.774973
1764068123361,-0.041015,-0.020956,9.785301
1764068123371,-0.108375,-0.016615,9.770482
1764068123381,-0.097597,-0.010927,9.810599
1764068123391,-0.092957,-0.00958,9.837842
1764068123401,-0.110171,-0.018711,9.838441
1764068123411,-0.084724,-0.035177,9.83395
1764068123421,-0.066611,-0.005688,9.798474
1764068123431,-0.039967,-0.023052,9.773177
1764068123441,-0.032782,-0.002395,9.785451
1764068123451,-0.079634,-0.021705,9.804761
1764068123461,-0.094005,-0.01916,9.801019
1764068123471,-0.08637,-0.001347,9.815838
1764068123481,-0.106728,-0.022453,9.837543
1764068123491,-0.100291,-0.025746,9.813143
1764068123501,-0.062271,-0.023202,9.797276
1764068123511,-0.032482,-0.006886,9.780212
1764068123521,-0.069905,-0.008981,9.802066
1764068123531,-0.124541,-0.013921,9.824669
1764068123541,-0.093256,-0.010478,9.838141
1764068123551,-0.099393,-0.016166,9.815688
1764068123562,-0.071851,-0.02425,9.802216
1764068123572,-0.069306,-0.017214,9.791738
1764068123582,-0.070503,-0.014969,9.82901
1764068123592,-0.139959,-0.021705,9.796827
1764068123602,-0.098944,-0.013771,9.795031
1764068123612,-0.136666,-0.020507,9.819281
1764068123622,-0.132475,-0.000599,9.817185
1764068123632,-0.107776,-0.006437,9.806857
1764068123642,-0.01946,-0.030986,9.823622
1764068123652,-0.08667,-0.011825,9.748478
1764068123662,-0.067061,-0.025896,9.812395
1764068123672,-0.094005,-0.015717,9.804012
1764068123682,-0.110919,-0.013921,9.808503
1764068123692,-0.164957,-0.011077,9.818383
1764068123702,-0.177082,-0.037123,9.830058
1764068123712,-0.134271,-0.039817,9.828412
1764068123722,-0.070354,0.022603,9.798025
1764068123732,-0.007335,-0.027393,9.764345
1764068123742,-0.035177,0.015568,9.788595
1764068123752,-0.09146,-0.044308,9.81
1764068123762,-0.177231,-0.002395,9.82946
1764068123772,-0.220641,-0.011975,9.871672
1764068123782,-0.171394,-0.041314,9.839189
1764068123792,-0.055235,0.004042,9.787696
1764068123802,0.0241,-0.027992,9.755962
1764068123812,-0.027243,0.006886,9.755663
1764068123822,-0.107027,-0.027543,9.814042
1764068123832,-0.171693,-0.023651,9.828412
1764068123842,-0.131427,-0.010628,9.836345
1764068123852,-0.097298,-0.006886,9.804462
1764068123863,-0.114212,-0.007185,9.808653
1764068123873,-0.089364,-0.026794,9.814042
1764068123883,-0.04805,-0.011825,9.787696
1764068123893,-0.038919,-0.005538,9.773326
1764068123903,-0.075293,-0.019909,9.788595
1764068123913,-0.170495,-0.039069,9.862391
1764068123923,-0.207618,-0.034877,9.852961
1764068123933,-0.095202,-0.027842,9.801318
1764068123943,-0.005688,0.000449,9.748478
1764068123953,-0.03353,0.004341,9.772278
1764068123963,-0.121847,-0.017514,9.811347
1764068123973,-0.148641,-0.028291,9.822125
1764068123983,-0.129032,-0.021855,9.818682
1764068123993,-0.105531,-0.012274,9.807455
1764068124003,-0.104183,-0.026794,9.803713
1764068124013,-0.125739,-0.013921,9.791439
1764068124023,-0.116158,-0.013472,9.812395
1764068124033,-0.077389,0.015119,9.795331
1764068124043,-0.070204,-0.014819,9.799522
1764068124053,-0.098046,-0.011975,9.797875
1764068124063,-0.150138,-0.010778,9.827813
1764068124073,-0.143551,-0.029938,9.831405
1764068124083,-0.104034,-0.015418,9.82437
1764068124093,-0.049846,-0.00943,9.787696
1764068124103,-0.034877,0.003593,9.770332
1764068124113,-0.081431,-0.015867,9.793534
1764068124123,-0.14894,-0.031135,9.819131
1764068124133,-0.166304,-0.013921,9.83904
1764068124143,-0.123793,-0.01437,9.810449
1764068124153,-0.065863,-0.006137,9.797127
1764068124163,-0.063318,-0.011376,9.796229
1764068124174,-0.092358,-0.010329,9.805958
1764068124184,-0.112716,-0.011526,9.810449
1764068124194,-0.095202,-0.011975,9.799821
1764068124204,-0.095352,-0.004491,9.810748
1764068124214,-0.153431,-0.019759,9.823771
1764068124224,-0.14909,-0.010478,9.830956
1764068124234,-0.083676,-0.010628,9.806108
1764068124244,-0.022453,-0.008083,9.772578
1764068124254,-0.033081,-0.000599,9.763447
1764068124264,-0.095501,-0.030686,9.811647
1764068124274,-0.185015,-0.014669,9.846524
1764068124284,-0.164358,-0.025297,9.832004
1764068124294,-0.089813,-0.003143,9.814341
1764068124304,-0.044907,0.00943,9.789193
1764068124314,-0.057181,-0.012424,9.789193
1764068124324,-0.087418,-0.016765,9.801019
1764068124334,-0.130229,-0.015717,9.820478
1764068124344,-0.102836,-0.005988,9.81973
1764068124354,-0.104183,-0.013622,9.805958
1764068124364,-0.129181,-0.022453,9.812694
1764068124374,-0.13966,-0.013771,9.832603
1764068124384,-0.102088,-0.023801,9.809701
1764068124394,-0.070054,0.005239,9.774524
1764068124404,-0.033081,-0.0241,9.754166
1764068124414,-0.097597,-0.011975,9.816586
1764068124424,-0.118703,-0.013622,9.786349
1764068124434,-0.179477,-0.035177,9.852362
1764068124444,-0.116158,0.015568,9.825268
1764068124454,-0.044607,-0.034728,9.730964
1764068124464,-0.112416,0.002096,9.826466
1764068124475,-0.108973,-0.027692,9.802516
1764068124485,-0.155976,0.003143,9.816586
1764068124495,-0.088765,-0.031584,9.80521
1764068124505,-0.031884,0.011077,9.775871
1764068124515,-0.117955,-0.016466,9.790241
1764068124525,-0.147294,-0.030686,9.857751
1764068124535,-0.16346,-0.003892,9.825568
1764068124545,-0.081131,-0.034877,9.812994
1764068124555,-0.026046,-0.006287,9.767488
1764068124565,-0.053738,-0.018262,9.765542
1764068124575,-0.125739,-0.024848,9.802216
1764068124585,-0.168549,-0.020058,9.873917
1764068124595,-0.124242,-0.015867,9.772278
1764068124605,-0.095651,-0.013921,9.809252
1764068124615,-0.104932,-0.021405,9.826316
1764068124625,-0.082179,0.009131,9.770931
1764068124635,-0.088167,-0.012274,9.82437
1764068124645,-0.068557,-0.017364,9.780212
1764068124655,-0.065264,-0.020507,9.804462
1764068124665,-0.130229,0.00015,9.80027
1764068124675,-0.142354,-0.047751,9.856703
1764068124685,-0.145348,-0.00494,9.78575
1764068124695,-0.108375,-0.02904,9.815538
1764068124705,-0.011376,-0.00494,9.774224
1764068124715,-0.050445,-0.01452,9.781409
1764068124725,-0.109872,-0.025148,9.805509
1764068124735,-0.148641,-0.029339,9.82931
1764068124745,-0.137714,-0.030686,9.815089
1764068124755,-0.098495,-0.009281,9.823322
1764068124765,-0.081131,-0.011376,9.793534
1764068124776,-0.093406,-0.007035,9.801767
1764068124786,-0.105081,-0.008981,9.804911
1764068124796,-0.078138,-0.012873,9.810599
1764068124806,-0.09131,0.010778,9.799671
1764068124816,-0.09595,-0.020657,9.798923
1764068124826,-0.148791,-0.012125,9.84383
1764068124836,-0.133971,-0.032782,9.802366
1764068124846,-0.11062,-0.007185,9.827663
1764068124856,-0.05269,-0.00494,9.781859
1764068124866,-0.047152,-0.014071,9.783206
1764068124876,-0.105381,-0.016017,9.828711
1764068124886,-0.116757,-0.020657,9.831256
1764068124896,-0.121996,-0.008832,9.801917
1764068124906,-0.106129,-0.012574,9.828262
1764068124916,-0.069905,-0.010778,9.785002
1764068124926,-0.098944,0.004191,9.797726
1764068124936,-0.092059,-0.02425,9.812694
1764068124946,-0.088616,-0.018262,9.779164
1764068124956,-0.081131,-0.012724,9.811048
1764068124966,-0.093256,-0.000449,9.798324
1764068124976,-0.114512,-0.009281,9.811048
1764068124986,-0.1443,-0.015867,9.821975
1764068124996,-0.10583,-0.016166,9.816586
1764068125006,-0.073048,-0.020507,9.770033
1764068125016,-0.069456,0.002395,9.782308
1764068125026,-0.109422,-0.011227,9.789642
1764068125036,-0.135917,-0.016017,9.816137
1764068125046,-0.116009,-0.00973,9.816886
1764068125056,-0.091609,0.004491,9.79578
1764068125066,-0.073347,-0.017214,9.798324
1764068125077,-0.127385,0.010478,9.818083
1764068125087,-0.115859,-0.012724,9.795181
1764068125097,-0.125289,-0.030387,9.811497
1764068125107,-0.08188,0.002994,9.792037
1764068125117,-0.062271,-0.044757,9.802965
1764068125127,-0.109273,0.022902,9.788595
1764068125137,-0.141456,-0.037123,9.841884
1764068125147,-0.11541,-0.021855,9.783505
1764068125157,-0.098495,0.00973,9.796378
1764068125167,-0.041015,-0.027094,9.755214
1764068125177,-0.10119,0.003143,9.79054
1764068125187,-0.117805,-0.031884,9.804312
1764068125197,-0.136666,-0.020058,9.830657
1764068125207,-0.099543,-0.015568,9.812994
1764068125217,-0.063917,-0.022154,9.778266
1764068125227,-0.130229,-0.010029,9.797576
1764068125237,-0.122894,-0.026345,9.812694
1764068125247,-0.118404,-0.02889,9.82931
1764068125257,-0.082928,-0.007484,9.794283
1764068125267,-0.076641,-0.01916,9.798624
1764068125277,-0.126337,-0.002994,9.818532
1764068125287,-0.123942,-0.016466,9.802216
1764068125297,-0.109872,-0.007035,9.801617
1764068125307,-0.075144,-0.022004,9.81494
1764068125317,-0.07709,-0.016765,9.780661
1764068125327,-0.102986,-0.016017,9.813143
1764068125337,-0.119003,-0.00973,9.82422
1764068125347,-0.133971,-0.011676,9.828262
1764068125357,-0.099094,-0.018262,9.780811
1764068125367,-0.100291,-0.001647,9.796079
1764068125378,-0.059875,-0.00973,9.808653
1764068125388,-0.105231,-0.004491,9.814341
1764068125398,-0.106429,-0.00464,9.802066
1764068125408,-0.095801,-0.005089,9.804162
1764068125418,-0.094753,-0.006736,9.81464
1764068125428,-0.113314,-0.022603,9.813443
1764068125438,-0.123643,-0.020657,9.81958
1764068125448,-0.098645,-0.018711,9.810449
1764068125458,-0.082928,-0.002096,9.806707
1764068125468,-0.073647,-0.002844,9.794283
1764068125478,-0.087867,-0.017364,9.798175
1764068125488,-0.121697,-0.018561,9.812096
1764068125498,-0.141606,-0.034279,9.824669
1764068125508,-0.121398,-0.016466,9.831855
1764068125518,-0.075443,-0.016166,9.792636
1764068125528,-0.093855,-0.025148,9.784852
1764068125538,-0.114512,0.002245,9.803713
1764068125548,-0.118853,-0.01452,9.811796
1764068125558,-0.11541,-0.02425,9.809102
1764068125568,-0.102088,-0.018861,9.805509
1764068125578,-0.108225,-0.001048,9.809551
1764068125588,-0.118404,-0.01452,9.820778
1764068125598,-0.100142,-0.013472,9.811497
1764068125608,-0.077838,-0.01452,9.808503
1764068125618,-0.092059,-0.007185,9.809551
1764068125628,-0.088616,-0.018412,9.812096
1764068125638,-0.107626,-0.020208,9.830358
1764068125648,-0.113614,-0.032932,9.836794
1764068125658,-0.093855,-0.025597,9.82437
1764068125668,-0.084275,-0.002844,9.798923
1764068125679,-0.076042,-0.022453,9.808952
1764068125689,-0.103285,-0.00943,9.818083
1764068125699,-0.094304,-0.017963,9.803863
1764068125709,-0.091011,-0.021705,9.784703
1764068125719,-0.101339,-0.021405,9.78575
1764068125729,-0.135019,-0.00015,9.888138
1764068125739,-0.092957,0.011676,9.679921
1764068125749,-0.174238,-0.094753,9.978849
1764068125759,-0.020358,0.083227,9.683363
1764068125769,-0.130379,-0.077389,9.844428
1764068125779,-0.051343,0.03353,9.790241
1764068125789,-0.109572,-0.032782,9.781709
1764068125799,-0.172591,-0.002245,9.843979
1764068125809,-0.070503,-0.047002,9.805509
1764068125819,-0.142653,0.012574,9.803414
1764068125829,-0.066462,-0.049547,9.793385
1764068125839,-0.061372,0.000748,9.767488
1764068125849,-0.138612,-0.013472,9.818981
1764068125859,-0.109572,-0.019909,9.839638
1764068125869,-0.117206,-0.018711,9.796079
1764068125879,-0.073347,-0.026196,9.786199
1764068125889,-0.092657,0.002545,9.805958
1764068125899,-0.119751,-0.037123,9.841584
1764068125909,-0.102537,0.011227,9.762998
1764068125919,-0.107327,-0.045206,9.852362
1764068125929,-0.054936,0.002395,9.770632
1764068125939,-0.074096,-0.008682,9.792486
1764068125949,-0.152832,-0.030836,9.826615
1764068125959,-0.132774,-0.009879,9.82452
1764068125969,-0.09116,-0.022753,9.783505
1764068125980,-0.085023,0.013921,9.791588
1764068125990,-0.066611,-0.026944,9.804312
1764068126000,-0.130079,0.002694,9.779164
1764068126010,-0.094603,-0.01437,9.82422
1764068126020,-0.127086,-0.001198,9.822125
1764068126030,-0.094304,-0.016615,9.799222
1764068126040,-0.112865,-0.012873,9.804312
1764068126050,-0.100741,-0.015119,9.813443
1764068126060,-0.129032,-0.016615,9.789642
1764068126070,-0.076341,-0.00958,9.815389
1764068126080,-0.09595,-0.025297,9.786349
1764068126090,-0.095501,-0.023202,9.806857
1764068126100,-0.136965,-0.00943,9.816137
1764068126110,-0.11556,-0.011227,9.831555
1764068126120,-0.112716,-0.008083,9.786649
1764068126130,-0.069007,-0.016615,9.820778
1764068126140,-0.064067,-0.003443,9.793385
1764068126150,-0.108973,-0.020956,9.776769
1764068126160,-0.141905,-0.003443,9.840536
1764068126170,-0.103585,-0.016166,9.778266
1764068126180,-0.117805,-0.029788,9.817484
1764068126190,-0.09131,-0.016615,9.817335
1764068126200,-0.113314,-0.00958,9.781859
1764068126210,-0.096549,-0.015268,9.822125
1764068126220,-0.08652,-0.021405,9.79084
1764068126230,-0.085472,-0.021106,9.800869
1764068126240,-0.091011,-0.032033,9.802665
1764068126250,-0.133223,-0.012424,9.812245
1764068126260,-0.129331,-0.027543,9.81479
1764068126270,-0.100291,-0.01437,9.802516
1764068126281,-0.082329,-0.010778,9.797576
1764068126291,-0.07709,-0.002844,9.81
1764068126301,-0.106279,-0.011975,9.779464
1764068126311,-0.12963,-0.014819,9.839638
1764068126321,-0.11556,-0.010029,9.796229
1764068126331,-0.113314,-0.044607,9.812994
1764068126341,-0.11062,-0.001198,9.798324
1764068126351,-0.103884,-0.033979,9.827364
1764068126361,-0.108075,-0.00494,9.79054
1764068126371,-0.09595,-0.024399,9.796678
1764068126381,-0.079934,-0.014071,9.786948
1764068126391,-0.093705,-0.001796,9.796528
1764068126401,-0.128283,-0.035027,9.827214
1764068126411,-0.103734,0.00015,9.80521
1764068126421,-0.110171,-0.020507,9.801468
1764068126431,-0.083975,-0.01437,9.815089
1764068126441,-0.087867,-0.030087,9.808054
1764068126451,-0.108674,0.000898,9.809551
1764068126461,-0.127984,-0.032033,9.807006
1764068126471,-0.102387,-0.002096,9.82437
1764068126481,-0.089664,-0.011526,9.794582
1764068126491,-0.104333,-0.013622,9.81464
1764068126501,-0.111817,-0.010029,9.793834
1764068126511,-0.117206,-0.009879,9.823023
1764068126521,-0.087718,-0.007634,9.791139
1764068126531,-0.093855,-0.013921,9.806108
1764068126541,-0.082928,-0.008233,9.814191
1764068126551,-0.106878,-0.010478,9.807306
1764068126561,-0.093256,-0.013322,9.804611
1764068126571,-0.10104,-0.014969,9.818832
1764068126582,-0.08637,-0.017663,9.80521
1764068126592,-0.103435,-0.002395,9.818383
1764068126602,-0.095801,-0.022304,9.797276
1764068126612,-0.111069,-0.01946,9.804611
1764068126622,-0.120948,-0.013921,9.814191
1764068126632,-0.079485,-0.008383,9.790241
1764068126642,-0.084275,-0.001796,9.788145
1764068126652,-0.083826,-0.021705,9.81479
1764068126662,-0.087568,-0.011376,9.80985
1764068126672,-0.098345,-0.005089,9.798624
1764068126682,-0.092208,-0.01901,9.799222
1764068126692,-0.119601,-0.01422,9.810449
1764068126702,-0.109872,-0.012724,9.804312
1764068126712,-0.12514,-0.000299,9.814191
1764068126722,-0.103734,-0.022603,9.812245
1764068126732,-0.084275,-0.014071,9.808952
1764068126742,-0.096699,-0.001048,9.79563
1764068126752,-0.080383,-0.007634,9.793983
1764068126762,-0.125589,-0.022304,9.809701
1764068126772,-0.102836,-0.012274,9.807006
1764068126782,-0.08173,-0.003443,9.798773
1764068126792,-0.076042,-0.009281,9.803264
1764068126802,-0.083077,-0.013622,9.802665
1764068126812,-0.121398,-0.016017,9.80521
1764068126822,-0.127385,-0.018262,9.798474
1764068126832,-0.091609,-0.001946,9.816586
1764068126842,-0.08173,-0.012424,9.803563
1764068126852,-0.098495,-0.025746,9.809252
1764068126862,-0.12514,-0.005838,9.809551
1764068126872,-0.095052,-0.008682,9.800121
1764068126883,-0.097447,-0.015568,9.80536
1764068126893,-0.107327,-0.014969,9.810449
1764068126903,-0.102088,-0.026196,9.822574
1764068126913,-0.111668,-0.029189,9.813293
1764068126923,-0.102836,-0.022902,9.802366
1764068126933,-0.093705,-0.007035,9.802366
1764068126943,-0.090113,-0.011077,9.812245
1764068126953,-0.093256,-0.009281,9.797426
1764068126963,-0.106129,-0.011526,9.795331
1764068126973,-0.088616,-0.002545,9.801917
1764068126983,-0.105531,-0.010179,9.804012
1764068126993,-0.096699,-0.002844,9.789493
1764068127003,-0.108524,-0.018112,9.816586
1764068127013,-0.092358,0.009879,9.785152
1764068127023,-0.102387,-0.035776,9.825268
1764068127033,-0.106129,0.021855,9.79563
1764068127043,-0.092059,-0.044907,9.810599
1764068127053,-0.11526,-0.006137,9.794283
1764068127063,-0.137265,-0.007784,9.835297
1764068127073,-0.092657,-0.030836,9.799522
1764068127083,-0.115859,0.021106,9.813143
1764068127093,-0.0964,-0.047152,9.80057
1764068127103,-0.080083,0.007185,9.79548
1764068127113,-0.119751,-0.03383,9.845027
1764068127123,-0.113464,-0.020358,9.803863
1764068127133,-0.118104,-0.002096,9.832603
1764068127143,-0.085472,-0.017214,9.808353
1764068127153,-0.101339,-0.010628,9.793684
1764068127163,-0.0961,-0.006137,9.82422
1764068127173,-0.084424,-0.01916,9.780212
1764068127183,-0.138462,-0.001048,9.816137
1764068127194,-0.101639,-0.007484,9.799073
1764068127204,-0.105381,-0.016915,9.797426
1764068127214,-0.118553,-0.023052,9.802066
1764068127224,-0.094603,-0.013771,9.817185
1764068127234,-0.115111,-0.003742,9.822873
1764068127244,-0.101639,-0.01437,9.798324
1764068127254,-0.107327,-0.021256,9.797127
1764068127264,-0.099842,-0.017514,9.800719
1764068127274,-0.109572,-0.036524,9.802965
1764068127284,-0.097298,-0.021405,9.823173
1764068127294,-0.110171,-0.011376,9.798324
1764068127304,-0.091909,-0.005389,9.805659
1764068127314,-0.108524,-0.002245,9.805958
1764068127324,-0.087867,-0.002245,9.811048
1764068127334,-0.092657,-0.00943,9.828412
1764068127344,-0.095052,-0.013921,9.817784
1764068127354,-0.092807,-0.007634,9.81
1764068127364,-0.087119,-0.016615,9.796678
1764068127374,-0.117206,0.000748,9.807755
1764068127384,-0.115111,-0.009131,9.781409
1764068127394,-0.093406,-0.015268,9.802066
1764068127404,-0.100441,-0.015119,9.795929
1764068127414,-0.122445,-0.003593,9.81958
1764068127424,-0.11047,-0.023501,9.809252
1764068127434,-0.103285,-0.016466,9.818383
1764068127444,-0.090262,-0.01916,9.79069
1764068127454,-0.10104,-0.018262,9.807455
1764068127464,-0.101339,-0.006137,9.797276
1764068127474,-0.103435,-0.009281,9.808802
1764068127484,-0.106728,-0.024699,9.821825
1764068127495,-0.117506,-0.013023,9.815538
1764068127505,-0.102986,-0.020208,9.813892
1764068127515,-0.089214,-0.006886,9.803863
1764068127525,-0.094753,-0.012574,9.797726
1764068127535,-0.081431,-0.015867,9.80521
1764068127545,-0.103136,-0.018861,9.810449
1764068127555,-0.116757,-0.01931,9.823173
1764068127565,-0.102986,-0.020058,9.809401
1764068127575,-0.113015,-0.013921,9.825867
1764068127585,-0.096549,-0.00464,9.812994
1764068127595,-0.094454,-0.027243,9.81464
1764068127605,-0.091909,-0.021705,9.803863
1764068127615,-0.086221,-0.005838,9.789792
1764068127625,-0.123044,-0.016615,9.818981
1764068127635,-0.10089,-0.010329,9.802965
1764068127645,-0.104333,-0.033081,9.808204
1764068127655,-0.106878,-0.003892,9.808204
1764068127665,-0.104782,-0.022603,9.810898
1764068127675,-0.109572,-0.020507,9.801019
1764068127685,-0.100741,-0.015867,9.798624
1764068127695,-0.087119,-0.009131,9.811796
1764068127705,-0.092358,-0.00494,9.804611
1764068127715,-0.113314,-0.023202,9.815688
1764068127725,-0.122445,-0.008682,9.793385
1764068127735,-0.096998,-0.023501,9.820927
1764068127745,-0.118853,-0.005688,9.81494
1764068127755,-0.12005,-0.005538,9.804162
1764068127765,-0.112416,-0.035925,9.822873
1764068127775,-0.095052,-0.018262,9.800869
1764068127785,-0.109872,-0.008233,9.805659
1764068127796,-0.116757,-0.011227,9.806857
1764068127806,-0.107477,-0.007335,9.806707
1764068127816,-0.114961,-0.007784,9.817934
1764068127826,-0.108524,-0.018861,9.806108
1764068127836,-0.110321,-0.013921,9.826615
1764068127846,-0.082478,-0.016466,9.792486
1764068127856,-0.099693,-0.006886,9.816437
1764068127866,-0.118254,-0.000599,9.801617
1764068127876,-0.09131,-0.040715,9.807156
1764068127886,-0.117655,-0.022753,9.816287
1764068127896,-0.112416,-0.007934,9.825717
1764068127906,-0.072749,-0.020358,9.783804
1764068127916,-0.108375,-0.007784,9.825119
1764068127926,-0.112117,-0.014071,9.795031
1764068127936,-0.109273,0.010179,9.820927
1764068127946,-0.100142,-0.001497,9.797276
1764068127956,-0.095202,-0.01901,9.803713
1764068127966,-0.109273,0.001048,9.810449
1764068127976,-0.094753,-0.021705,9.815838
1764068127986,-0.112416,-0.017663,9.789044
1764068127996,-0.075593,0.001796,9.816437
1764068128006,-0.113614,-0.004491,9.802216
1764068128016,-0.131876,-0.020956,9.822574
1764068128026,-0.105231,-0.017364,9.799671
1764068128036,-0.091759,-0.015717,9.811497
1764068128046,-0.081281,-0.01452,9.81464
1764068128056,-0.100591,-0.023801,9.811198
1764068128066,-0.134271,-0.004191,9.828412
1764068128076,-0.085023,-0.021855,9.792337
1764068128086,-0.10119,-0.016166,9.828112
1764068128097,-0.090861,-0.021555,9.794582
1764068128107,-0.111518,-0.011227,9.813892
1764068128117,-0.107477,-0.014071,9.801468
1764068128127,-0.106129,-0.020657,9.815838
1764068128137,-0.095801,-0.020657,9.783505
1764068128147,-0.099992,-0.018262,9.800869
1764068128157,-0.090861,-0.015418,9.797426
1764068128167,-0.130379,-0.01916,9.819281
1764068128177,-0.097148,-0.028441,9.816886
1764068128187,-0.10598,-0.013322,9.806407
1764068128197,-0.071252,-0.018561,9.797127
1764068128207,-0.097447,-0.003742,9.811647
1764068128217,-0.11541,-0.015418,9.811497
1764068128227,-0.130678,-0.029638,9.81479
1764068128237,-0.11062,-0.011376,9.794432
1764068128247,-0.11556,-0.018711,9.795031
1764068128257,-0.094154,-0.020358,9.80521
